Survived,Pclass,Sex,AgeGroup,Parch,Fare,Embarked,Title
0,3,male,2,0,7.25,S,Mr
1,1,female,3,0,71.2833,C,Mrs
1,3,female,2,0,7.925,S,Miss
1,1,female,3,0,53.1,S,Mrs
0,3,male,3,0,8.05,S,Mr
0,1,male,4,0,51.8625,S,Mr
0,3,male,1,1,21.075,S,Master
1,3,female,2,2,11.1333,S,Mrs
1,2,female,1,0,30.0708,C,Mrs
1,3,female,1,1,16.7,S,Miss
1,1,female,4,0,26.55,S,Miss
0,3,male,2,0,8.05,S,Mr
0,3,male,3,5,31.275,S,Mr
0,3,female,1,0,7.8542,S,Miss
1,2,female,4,0,16,S,Mrs
0,3,male,1,1,29.125,Q,Master
0,3,female,3,0,18,S,Mrs
0,2,male,3,0,26,S,Mr
1,2,male,3,0,13,S,Mr
1,3,female,1,0,8.0292,Q,Miss
1,1,male,2,0,35.5,S,Mr
0,3,female,1,1,21.075,S,Miss
1,3,female,3,5,31.3875,S,Mrs
0,1,male,2,2,263,S,Mr
0,1,male,4,0,27.7208,C,Others
0,2,male,4,0,10.5,S,Mr
0,1,male,2,0,82.1708,C,Mr
0,1,male,4,0,52,S,Mr
0,3,male,2,0,8.05,S,Mr
0,3,female,2,0,18,S,Miss
1,3,female,1,0,11.2417,C,Miss
0,3,female,4,0,9.475,S,Mrs
0,2,female,2,0,21,S,Mrs
1,2,female,1,2,41.5792,C,Miss
1,3,female,2,0,7.8792,Q,Miss
0,3,female,2,0,17.8,S,Mrs
0,3,male,1,1,39.6875,S,Master
0,3,male,2,0,7.8,S,Mr
1,1,female,4,0,76.7292,C,Mrs
1,2,female,2,0,26,S,Mrs
0,1,male,4,1,61.9792,C,Mr
1,2,female,2,0,10.5,S,Miss
0,3,male,2,0,7.2292,C,Mr
1,2,female,1,2,27.75,S,Miss
0,3,male,1,2,46.9,S,Master
0,3,male,2,0,7.2292,C,Mr
1,1,female,3,0,80,S,Miss
0,1,male,4,0,83.475,S,Mr
0,3,male,1,2,27.9,S,Master
1,2,female,2,0,10.5,S,Mrs
0,3,male,2,0,8.1583,S,Mr
1,3,female,1,2,7.925,S,Miss
0,3,male,2,0,8.6625,S,Mr
0,2,male,3,0,10.5,S,Mr
0,3,female,1,2,46.9,S,Miss
0,2,male,2,0,73.5,S,Mr
0,3,male,2,0,14.4542,C,Mr
1,3,male,3,0,56.4958,S,Mr
0,3,male,2,0,7.65,S,Mr
1,2,male,1,2,29,S,Master
1,3,female,3,0,12.475,S,Miss
0,3,male,2,0,9,S,Mr
1,3,male,2,0,9.5,S,Mr
0,1,male,2,0,47.1,S,Mr
1,2,female,1,0,10.5,S,Miss
1,3,female,3,0,15.85,S,Mrs
0,3,male,1,3,34.375,S,Mr
1,1,female,2,2,263,S,Miss
0,3,male,2,0,8.05,S,Mr
0,3,male,2,0,8.05,S,Mr
0,3,male,2,0,7.8542,S,Mr
0,1,male,4,0,61.175,S,Mr
0,3,male,2,2,20.575,S,Mr
0,3,male,4,0,7.25,S,Mr
0,1,male,4,0,34.6542,C,Mr
1,1,male,2,1,63.3583,C,Mr
1,2,female,3,1,23,S,Mrs
0,2,male,3,0,26,S,Mr
0,3,female,2,0,7.8958,S,Miss
0,1,male,2,1,77.2875,S,Mr
0,3,male,3,0,8.6542,S,Mr
0,3,male,3,0,7.925,S,Mr
0,3,male,2,0,7.8958,S,Mr
1,3,female,2,0,7.65,S,Miss
0,3,male,3,0,7.8958,S,Mr
0,1,male,4,0,52,S,Mr
0,3,female,1,0,14.4542,C,Miss
0,3,male,2,0,8.05,S,Mr
0,3,female,2,0,9.825,S,Miss
0,3,female,1,0,14.4583,C,Miss
0,3,male,2,0,7.925,S,Mr
0,3,male,4,0,7.75,Q,Mr
0,2,male,2,0,21,S,Mr
0,1,male,2,1,247.5208,C,Mr
0,3,female,1,2,31.275,S,Miss
0,2,male,2,0,73.5,S,Mr
0,2,male,3,0,30.0708,C,Mr
1,2,female,3,0,13,S,Miss
0,1,male,4,1,77.2875,S,Mr
1,3,male,1,0,11.2417,C,Master
1,3,male,2,0,7.1417,S,Mr
0,3,male,4,0,6.975,S,Mr
0,3,male,3,0,7.8958,C,Mr
0,3,male,2,0,7.05,S,Mr
0,3,female,4,0,14.5,S,Mrs
1,2,female,2,0,26,S,Mrs
0,2,male,2,0,13,S,Mr
0,2,male,2,0,15.0458,C,Mr
1,1,female,2,2,26.2833,S,Miss
0,1,male,3,0,53.1,S,Mr
0,3,male,1,0,9.2167,S,Mr
0,1,male,2,0,79.2,C,Mr
1,3,female,2,0,7.75,S,Miss
1,3,female,2,0,15.85,S,Mrs
0,3,male,2,0,6.75,Q,Mr
0,2,male,2,0,11.5,S,Mr
0,2,male,2,1,36.75,S,Mr
1,3,male,2,0,7.7958,S,Mr
0,3,female,1,2,34.375,S,Miss
0,2,male,3,2,26,S,Mr
0,2,male,4,0,13,S,Others
0,2,male,4,0,12.525,S,Others
1,1,female,2,0,66.6,S,Mrs
0,3,male,4,0,8.05,S,Mr
0,3,male,4,2,14.5,S,Mr
0,1,male,4,1,61.3792,C,Mr
1,3,female,1,0,7.7333,Q,Miss
0,3,male,3,0,8.05,S,Mr
0,3,male,4,1,16.1,S,Mr
1,2,female,4,0,15.75,S,Mrs
0,3,male,2,0,7.775,S,Mr
0,3,male,1,0,8.6625,S,Mr
0,3,male,1,1,39.6875,S,Master
1,3,male,1,2,20.525,S,Master
0,3,female,4,4,27.9,S,Mrs
0,3,male,2,0,56.4958,S,Mr
0,1,male,4,0,33.5,S,Mr
0,3,male,1,1,29.125,Q,Master
1,3,female,1,1,11.1333,S,Miss
0,3,male,2,0,7.925,S,Mr
0,1,male,4,0,30.6958,C,Mr
0,3,male,2,1,7.8542,S,Mr
0,1,female,4,0,28.7125,C,Miss
0,2,male,3,0,13,S,Mr
0,3,male,3,0,0,S,Mr
0,3,male,1,2,31.3875,S,Master
1,2,male,1,1,39,S,Master
1,3,female,1,2,22.025,S,Miss
1,1,male,4,0,26.55,S,Mr
0,3,male,4,1,15.5,Q,Mr
0,3,male,3,0,7.8958,S,Mr
1,2,female,3,0,13,S,Mrs
0,2,male,2,0,13,S,Mr
1,3,female,2,0,7.8542,S,Miss
1,2,male,1,1,26,S,Master
1,1,female,4,0,27.7208,C,Mrs
1,1,female,4,0,146.5208,C,Miss
0,3,male,4,1,8.4042,S,Mr
0,2,female,2,0,13,S,Miss
0,3,male,2,0,9.5,S,Mr
0,3,male,3,0,6.4958,S,Mr
0,3,male,4,0,7.225,C,Mr
1,3,male,2,0,8.05,S,Mr
0,3,female,1,1,10.4625,S,Miss
0,3,male,3,0,15.85,S,Mr
1,3,male,2,0,18.7875,C,Mr
1,3,female,1,0,7.75,Q,Miss
1,1,male,4,0,31,C,Mr
0,3,male,2,0,7.05,S,Mr
1,2,female,3,0,21,S,Miss
0,3,male,2,0,7.25,S,Mr
0,2,male,3,0,13,S,Mr
1,1,female,3,0,113.275,C,Miss
1,3,female,2,0,7.925,S,Miss
0,2,male,4,0,27,S,Mr
1,1,female,3,0,76.2917,C,Miss
0,2,male,3,0,10.5,S,Mr
1,3,male,1,0,8.05,S,Mr
0,2,male,2,0,13,S,Mr
0,3,male,4,0,8.05,S,Mr
1,1,male,3,0,90,S,Mr
0,3,male,2,0,9.35,S,Mr
1,2,male,2,0,10.5,S,Mr
0,3,male,2,0,7.25,S,Mr
0,2,male,2,0,13,S,Mr
1,1,female,3,0,83.475,S,Mrs
0,3,male,2,0,7.775,S,Mr
0,2,male,4,0,13.5,S,Mr
1,3,female,1,2,31.3875,S,Miss
0,2,male,2,0,10.5,S,Mr
0,2,male,4,0,26,S,Mr
1,2,female,1,2,26.25,S,Miss
0,2,male,2,0,10.5,S,Mr
0,2,male,3,0,12.275,S,Mr
0,2,male,2,0,10.5,S,Mr
0,3,male,2,0,7.125,S,Mr
0,3,male,3,0,7.225,C,Mr
0,1,male,4,0,90,Q,Others
0,3,female,2,0,7.775,S,Miss
1,2,female,2,2,14.5,S,Mrs
1,1,male,3,1,52.5542,S,Mr
0,2,male,4,0,26,S,Others
0,3,female,2,1,10.4625,S,Mrs
0,1,male,4,0,26.55,S,Mr
0,3,male,3,0,16.1,S,Mr
0,3,female,4,2,20.2125,S,Mrs
1,3,female,2,2,15.2458,C,Mrs
1,1,female,3,0,86.5,S,Miss
1,1,female,3,0,512.3292,C,Miss
1,2,female,4,1,26,S,Mrs
1,3,male,1,2,31.3875,S,Master
0,1,male,4,1,79.65,S,Mr
0,1,male,4,0,0,S,Mr
0,2,male,3,0,10.5,S,Mr
0,3,male,1,1,39.6875,S,Mr
1,3,male,2,0,7.775,S,Mr
1,1,female,4,1,153.4625,S,Mrs
1,1,female,3,0,135.6333,S,Miss
1,3,male,2,0,0,S,Mr
1,2,female,4,1,19.5,S,Mrs
0,1,male,3,1,29.7,C,Mr
1,1,female,4,0,77.9583,S,Miss
0,3,female,4,0,7.75,S,Miss
0,3,male,1,1,29.125,Q,Master
1,3,female,3,1,20.25,S,Mrs
0,3,male,4,0,7.75,Q,Mr
0,3,male,2,0,7.8542,S,Mr
0,3,male,1,0,9.5,S,Mr
1,3,male,2,0,8.05,S,Mr
0,3,male,3,0,8.6625,C,Mr
1,3,male,3,0,9.5,S,Mr
0,3,male,2,0,7.8958,S,Mr
1,2,male,4,0,13,S,Mr
1,3,female,2,0,7.75,Q,Miss
1,1,female,2,0,78.85,S,Miss
1,1,female,2,0,91.0792,C,Mrs
0,2,male,3,0,12.875,C,Mr
0,3,female,2,0,8.85,S,Miss
0,3,male,2,0,7.8958,S,Mr
0,3,male,2,0,7.2292,C,Mr
0,1,female,1,2,151.55,S,Miss
1,1,female,4,1,247.5208,C,Mrs
0,3,male,2,0,0,S,Mr
1,1,male,1,2,151.55,S,Master
1,1,female,1,0,108.9,C,Mrs
0,2,male,3,0,24,C,Mr
1,1,female,3,0,56.9292,C,Miss
1,1,female,2,0,83.1583,C,Miss
1,1,female,2,2,262.375,C,Miss
0,2,female,2,1,26,S,Mrs
0,3,male,2,0,7.8958,S,Mr
0,2,male,4,1,26.25,S,Mr
1,3,female,2,0,7.8542,S,Miss
1,2,female,2,0,26,S,Mrs
0,2,male,4,0,14,S,Others
1,1,female,3,2,164.8667,S,Miss
1,1,female,4,1,134.5,C,Mrs
0,3,male,2,0,7.25,S,Mr
0,3,male,2,0,7.8958,S,Mr
1,2,female,3,0,12.35,Q,Miss
1,2,female,2,1,29,S,Mrs
1,1,female,3,0,135.6333,C,Miss
0,3,male,4,0,6.2375,S,Mr
1,2,female,3,0,13,S,Mrs
1,3,female,3,1,20.525,S,Mrs
1,1,female,1,1,57.9792,C,Miss
0,1,male,4,0,28.5,S,Mr
0,1,male,3,1,153.4625,S,Mr
0,3,male,1,0,18,S,Mr
0,1,male,2,0,66.6,S,Mr
1,1,female,4,0,134.5,C,Miss
1,3,male,4,0,8.05,S,Mr
0,1,male,4,0,35.5,S,Mr
1,2,male,1,1,26,S,Master
1,1,female,2,2,263,S,Miss
0,2,male,2,0,13,S,Mr
0,2,male,2,0,13,S,Mr
0,2,male,3,0,13,S,Mr
1,2,female,2,0,13,S,Miss
1,2,female,4,0,13,S,Miss
1,3,male,1,1,15.9,S,Master
0,3,male,4,0,8.6625,S,Mr
0,3,male,2,0,9.225,S,Mr
0,3,male,1,1,7.2292,C,Mr
0,3,male,2,0,17.8,S,Mr
0,3,male,2,0,9.5,S,Mr
1,1,female,2,1,55,S,Miss
0,2,female,3,0,13,S,Miss
0,3,male,4,4,27.9,S,Mr
0,2,male,2,0,27.7208,C,Mr
0,3,female,4,1,14.4542,C,Mrs
0,3,male,3,0,7.05,S,Mr
0,3,male,3,0,7.25,S,Mr
1,1,female,4,0,75.25,C,Mrs
1,1,female,2,0,69.3,C,Others
1,1,male,2,0,55.4417,C,Mr
0,3,male,2,0,6.4958,S,Mr
0,3,male,2,0,8.05,S,Mr
0,1,male,2,0,135.6333,C,Mr
0,3,female,1,1,21.075,S,Miss
1,3,female,2,0,7.25,S,Miss
0,1,male,2,2,211.5,C,Mr
0,3,male,2,0,4.0125,C,Mr
0,3,male,2,0,7.775,S,Mr
1,1,female,4,0,227.525,C,Miss
1,3,female,1,2,15.7417,C,Miss
0,3,male,3,0,7.925,S,Mr
1,1,female,3,0,52,S,Mrs
0,2,male,2,0,73.5,S,Mr
0,3,male,1,2,46.9,S,Master
1,2,female,3,0,13,S,Miss
1,2,female,1,0,12,C,Miss
1,1,male,3,2,120,S,Mr
1,3,male,2,0,7.7958,S,Mr
0,3,male,2,0,7.925,S,Mr
1,1,female,2,0,113.275,C,Miss
1,3,female,2,2,16.7,S,Mrs
0,3,male,2,0,7.7958,S,Mr
0,3,female,3,0,7.8542,S,Miss
0,2,male,4,0,26,S,Mr
0,2,male,2,0,10.5,S,Others
1,2,female,2,0,12.65,S,Mrs
1,3,male,3,0,7.925,S,Mr
0,3,male,2,0,8.05,S,Mr
0,3,female,2,0,9.825,S,Miss
0,3,male,2,0,15.85,S,Mr
0,3,female,2,0,8.6625,S,Miss
0,2,male,3,0,21,S,Mr
0,3,male,4,0,7.75,S,Mr
1,2,male,1,1,18.75,S,Master
0,3,male,2,0,7.775,S,Mr
1,1,female,3,0,90,Q,Miss
1,3,male,4,0,7.925,S,Mr
1,2,female,3,1,32.5,S,Mrs
1,2,female,2,2,13,S,Miss
0,2,male,3,0,13,S,Mr
0,3,female,1,2,24.15,S,Miss
0,3,male,2,0,7.7333,Q,Mr
0,3,male,2,0,7.875,S,Mr
0,3,female,2,1,14.4,S,Mrs
0,3,male,2,1,20.2125,S,Mr
1,2,female,2,0,26,S,Mrs
1,2,female,2,0,26,S,Miss
1,3,male,3,0,8.05,S,Mr
1,1,male,2,0,26.55,S,Mr
1,2,female,4,0,26,S,Mrs
0,3,male,1,0,7.125,S,Mr
0,1,male,4,0,55.9,S,Mr
1,1,female,1,2,120,S,Miss
0,3,female,2,2,34.375,S,Miss
1,2,female,2,3,18.75,S,Mrs
0,1,male,4,4,263,S,Mr
0,2,male,3,0,10.5,S,Mr
1,2,female,4,1,26.25,S,Mrs
0,3,male,2,0,9.5,S,Mr
0,3,male,2,0,7.775,S,Mr
1,2,female,2,0,13,S,Others
1,1,male,1,2,81.8583,S,Master
1,2,female,1,1,19.5,S,Miss
1,1,male,3,0,26.55,S,Mr
1,3,female,1,1,19.2583,C,Miss
1,1,male,4,0,30.5,S,Others
0,2,male,3,2,27.75,S,Mr
0,1,male,3,0,27.75,C,Mr
1,1,male,4,0,89.1042,C,Mr
1,3,male,2,0,7.8958,C,Mr
0,1,male,4,0,26.55,S,Mr
1,2,female,4,0,10.5,S,Miss
1,1,male,4,0,26.55,S,Mr
0,3,male,3,0,8.05,S,Mr
0,1,male,4,0,38.5,S,Mr
0,2,male,4,0,13,S,Mr
0,3,male,3,0,7.05,S,Mr
0,1,male,4,0,26.55,S,Mr
1,3,female,1,1,19.2583,C,Miss
0,3,male,3,0,8.6625,S,Mr
1,2,female,3,2,27.75,S,Mrs
1,2,female,2,0,13.7917,C,Mrs
0,3,female,2,0,9.8375,S,Miss
0,2,male,3,0,21,S,Mr
0,3,male,2,0,7.0458,S,Mr
0,3,male,2,0,7.5208,S,Mr
1,3,female,1,1,12.2875,S,Miss
0,3,male,1,2,46.9,S,Master
0,3,male,4,0,8.05,S,Mr
1,3,female,4,0,9.5875,S,Mrs
1,1,male,2,0,91.0792,C,Mr
1,1,female,3,0,90,S,Mrs
0,1,male,4,0,29.7,C,Mr
0,3,male,3,0,8.05,S,Mr
1,3,male,1,1,15.9,S,Master
0,3,male,2,0,7.25,S,Mr
0,1,male,4,0,30.5,S,Mr
0,1,male,4,0,49.5042,C,Mr
0,3,male,2,0,8.05,S,Mr
1,1,female,4,0,78.2667,C,Miss
0,1,female,2,2,151.55,S,Mrs
0,3,male,2,0,7.7958,S,Mr
0,3,male,1,0,8.6625,S,Mr
0,3,female,2,0,7.75,Q,Miss
0,3,female,3,0,9.5875,S,Miss
1,1,female,1,0,86.5,S,Miss
0,1,male,2,0,108.9,C,Mr
1,2,female,3,2,26,S,Mrs
0,3,male,2,0,22.525,S,Mr
1,3,male,2,0,56.4958,S,Mr
1,3,male,2,0,7.75,Q,Mr
1,1,male,3,0,26.2875,S,Mr
1,1,female,4,0,59.4,C,Mrs
0,3,male,2,0,7.4958,S,Mr
0,1,male,4,0,34.0208,S,Mr
1,2,female,3,0,10.5,S,Mrs
1,2,female,3,0,26,S,Mrs
0,3,male,3,0,7.8958,S,Mr
1,1,female,3,0,93.5,S,Miss
0,3,male,2,0,7.8958,S,Mr
1,1,female,4,1,57.9792,C,Mrs
0,3,male,4,0,7.75,Q,Mr
1,2,female,4,0,10.5,S,Miss
0,3,male,3,0,7.925,S,Mr
0,2,male,2,1,11.5,S,Mr
1,2,female,1,1,26,S,Miss
0,3,male,1,1,7.2292,C,Mr
0,3,female,3,0,8.6625,S,Miss
1,2,female,1,2,26.25,S,Miss
0,1,male,4,0,26.55,S,Others
1,1,female,3,0,106.425,C,Miss
1,1,female,2,2,49.5,C,Miss
1,1,female,3,2,71,S,Miss
0,3,female,1,2,31.275,S,Miss
0,3,female,1,2,31.275,S,Miss
1,2,male,3,0,26,S,Mr
0,1,male,4,0,106.425,C,Mr
0,1,male,4,0,26,S,Mr
1,2,female,2,0,26,S,Mrs
0,3,male,3,1,20.525,S,Mr
1,2,male,1,1,36.75,S,Master
1,1,male,1,2,110.8833,C,Mr
0,2,male,2,0,26,S,Mr
1,3,male,2,0,7.225,C,Mr
1,3,female,2,0,7.775,S,Miss
0,1,male,4,0,26.55,S,Mr
1,1,female,4,0,39.6,C,Others
1,1,female,3,1,79.65,S,Mrs
1,3,female,3,0,17.4,S,Mrs
0,3,male,4,0,7.8958,S,Mr
0,2,male,2,0,13.5,S,Mr
0,3,male,2,0,24.15,S,Mr
0,3,male,2,0,7.8958,S,Mr
0,3,female,2,4,21.075,S,Mrs
1,3,male,3,0,7.8542,S,Mr
1,2,male,4,0,10.5,S,Mr
1,1,female,4,0,51.4792,S,Mrs
1,1,male,3,0,26.3875,S,Mr
0,3,male,1,0,8.05,S,Mr
0,3,male,2,0,14.5,S,Mr
1,2,female,3,0,13,S,Miss
1,1,female,3,0,55.9,S,Mrs
1,3,male,3,0,7.925,S,Mr
1,2,female,2,1,30,S,Miss
1,1,female,3,1,110.8833,C,Mrs
0,2,male,4,0,26,S,Mr
0,1,male,3,0,40.125,C,Mr
1,1,female,2,2,79.65,S,Miss
0,2,male,4,0,15,S,Mr
1,1,male,4,1,79.2,C,Mr
0,3,male,2,0,8.05,S,Mr
0,3,male,3,0,7.125,S,Mr
1,1,female,4,0,78.2667,C,Mrs
0,3,male,4,0,7.25,S,Mr
0,2,male,3,0,26,S,Mr
0,3,male,3,1,24.15,S,Mr
0,3,male,4,0,0,S,Mr
1,1,male,4,0,56.9292,C,Others
1,2,female,2,1,27,S,Mrs
0,3,male,4,0,8.05,S,Mr
1,1,male,3,0,26.55,C,Mr
0,3,male,3,0,15.55,S,Mr
0,3,male,3,0,7.8958,S,Mr
1,1,male,2,0,30.5,S,Mr
1,2,female,2,2,41.5792,C,Mrs
1,1,female,4,0,153.4625,S,Miss
0,3,female,3,5,31.275,S,Mrs
0,3,male,3,0,8.05,S,Mr
1,2,female,2,2,65,S,Miss
0,3,male,3,1,14.4,S,Mr
0,3,female,2,0,16.1,S,Mrs
1,2,female,1,1,39,S,Miss
0,2,male,2,0,10.5,S,Mr
0,3,male,2,0,14.4542,C,Mr
1,1,male,4,0,52.5542,S,Mr
1,3,male,2,1,15.7417,C,Mr
0,3,male,2,0,7.8542,S,Mr
0,3,male,2,0,16.1,S,Mr
0,1,male,4,0,32.3208,S,Mr
0,2,male,4,0,12.35,Q,Others
1,1,female,2,0,77.9583,S,Miss
0,3,male,2,0,7.8958,S,Mr
1,1,male,4,0,30,S,Mr
0,3,male,4,0,7.0542,S,Mr
1,1,male,3,0,30.5,C,Others
0,3,female,1,2,27.9,S,Miss
1,2,female,2,0,13,S,Miss
0,3,male,3,0,7.925,S,Mr
0,2,male,3,1,26.25,S,Mr
0,3,female,4,5,39.6875,S,Mrs
0,3,male,2,0,7.8542,S,Mr
1,1,female,2,0,69.3,C,Others
0,3,female,1,2,27.9,S,Miss
1,3,female,1,1,19.2583,C,Miss
1,1,male,4,0,76.7292,C,Mr
0,3,male,2,0,7.8958,S,Mr
1,1,male,4,0,35.5,C,Others
1,3,female,2,0,7.55,S,Miss
1,2,female,2,1,23,S,Miss
0,3,male,2,0,8.4333,S,Mr
0,3,female,2,0,6.75,Q,Miss
0,2,male,2,0,73.5,S,Mr
0,3,female,3,1,15.5,Q,Mrs
0,2,male,2,0,13,S,Mr
0,1,male,4,2,113.275,C,Mr
1,1,male,4,0,133.65,S,Others
0,3,male,4,0,7.225,C,Mr
0,1,male,4,0,25.5875,S,Mr
0,3,male,3,0,7.4958,S,Mr
1,3,male,2,0,7.925,S,Mr
0,2,male,3,0,73.5,S,Mr
0,2,male,2,0,13,S,Mr
0,3,male,4,0,8.05,S,Mr
1,2,female,4,1,39,S,Mrs
0,1,male,3,0,52,S,Mr
0,2,male,4,0,10.5,S,Mr
1,2,male,3,0,13,S,Mr
0,3,male,2,0,7.775,S,Mr
0,3,male,2,0,8.05,S,Mr
1,3,female,2,0,9.8417,S,Miss
0,3,female,4,6,46.9,S,Mrs
1,1,male,3,1,512.3292,C,Mr
1,1,male,2,0,76.7292,C,Mr
0,3,male,2,0,9.225,S,Mr
0,3,male,1,2,46.9,S,Mr
0,2,male,4,1,39,S,Mr
0,2,male,2,2,41.5792,C,Mr
0,3,male,1,1,39.6875,S,Mr
0,3,male,2,0,10.1708,S,Mr
0,3,male,2,0,7.7958,S,Mr
1,1,female,1,1,211.3375,S,Miss
1,1,male,3,0,57,S,Mr
1,3,female,1,1,13.4167,C,Miss
0,3,male,2,0,7.225,C,Mr
0,1,male,4,0,26.55,S,Others
0,2,male,4,0,13.5,S,Mr
0,3,male,4,0,8.05,S,Mr
0,1,male,4,1,110.8833,C,Mr
0,3,male,4,0,7.65,S,Mr
1,1,female,2,0,227.525,C,Mrs
1,1,male,3,0,26.2875,S,Mr
0,3,female,2,1,14.4542,C,Miss
0,3,male,2,0,7.7417,Q,Mr
0,3,male,2,0,7.8542,S,Mr
0,2,male,3,0,26,S,Mr
1,2,female,4,0,13.5,S,Mrs
1,1,male,4,0,26.2875,S,Mr
1,1,female,2,0,151.55,S,Miss
1,1,female,2,0,49.5042,C,Others
1,1,male,4,0,52,S,Mr
0,3,male,2,0,9.4833,S,Mr
0,2,male,4,0,13,S,Mr
0,3,male,2,0,7.65,S,Mr
1,1,female,3,0,227.525,C,Miss
1,2,female,2,0,10.5,S,Miss
0,3,male,3,0,7.775,S,Mr
1,2,female,1,1,33,S,Miss
0,3,male,1,0,7.0542,S,Mr
0,2,male,3,0,13,S,Mr
0,2,male,4,0,13,S,Mr
1,1,male,2,0,53.1,S,Mr
0,3,male,2,0,8.6625,S,Mr
1,2,female,3,0,21,S,Mrs
0,2,male,2,0,26,S,Mr
0,3,female,2,0,7.925,S,Miss
1,1,female,2,0,211.3375,S,Miss
0,3,male,1,0,18.7875,C,Mr
0,2,male,2,0,13,S,Mr
0,2,male,2,0,13,S,Mr
0,3,male,2,0,16.1,S,Mr
0,3,female,4,3,34.375,S,Mrs
1,1,male,3,0,512.3292,C,Mr
0,1,male,3,0,78.85,S,Mr
1,1,female,2,2,262.375,C,Miss
0,3,male,2,0,16.1,S,Mr
1,3,male,3,0,7.925,S,Mr
0,1,male,4,1,71,S,Others
0,3,male,1,1,20.25,S,Mr
1,2,female,3,0,13,S,Miss
0,1,male,2,0,53.1,S,Mr
0,3,male,3,0,7.75,Q,Mr
1,2,female,1,1,23,S,Miss
1,3,male,1,1,12.475,S,Master
0,3,male,3,0,9.5,S,Mr
0,3,male,2,0,7.8958,S,Mr
1,2,female,4,2,65,S,Mrs
1,2,male,1,1,14.5,S,Master
0,3,male,2,0,7.7958,S,Mr
0,2,male,2,0,11.5,S,Mr
0,3,male,3,0,8.05,S,Mr
1,1,female,3,0,86.5,S,Others
0,3,male,4,0,7.125,S,Mr
1,3,male,2,0,7.2292,C,Mr
1,1,female,3,2,120,S,Mrs
0,3,male,1,0,7.775,S,Mr
1,1,female,4,0,77.9583,S,Mrs
0,3,female,3,0,7.75,Q,Miss
0,3,male,3,0,8.3625,S,Mr
0,3,male,2,0,9.5,S,Mr
0,3,male,4,0,7.8542,S,Mr
0,2,female,4,0,10.5,S,Mrs
1,2,female,4,3,23,S,Mrs
0,3,male,2,0,7.75,S,Mr
1,3,female,1,0,12.475,S,Miss
1,1,female,4,1,211.3375,S,Mrs
1,3,female,1,0,7.2292,C,Miss
1,1,female,1,0,57,S,Mrs
0,1,male,2,0,30,S,Mr
0,3,male,2,0,7.05,S,Mr
0,3,male,2,0,7.25,S,Mr
1,3,female,2,0,7.4958,S,Miss
0,3,male,1,1,29.125,Q,Master
1,3,male,1,2,20.575,S,Master
0,1,male,4,0,79.2,C,Mr
0,2,male,1,0,26,S,Mr
0,3,male,2,0,7.8958,S,Mr
0,2,male,3,0,13,S,Mr
1,1,female,4,0,25.9292,S,Others
1,3,female,3,0,8.6833,S,Mrs
0,3,male,3,0,7.2292,C,Mr
0,3,female,3,1,24.15,S,Mrs
0,2,male,3,0,13,S,Mr
1,2,female,3,1,26.25,S,Mrs
1,1,male,1,2,120,S,Master
1,3,male,1,1,8.5167,C,Master
1,3,male,2,0,6.975,S,Mr
0,3,male,3,0,7.775,S,Mr
0,1,male,3,0,0,S,Mr
0,3,female,2,0,7.775,S,Miss
0,2,male,3,0,13,S,Mr
1,1,female,3,0,53.1,S,Mrs
0,3,male,2,0,7.8875,S,Mr
0,3,male,3,0,24.15,S,Mr
0,2,male,3,0,10.5,S,Mr
0,3,female,1,2,31.275,S,Miss
0,3,male,3,0,8.05,S,Mr
0,3,female,2,0,7.925,S,Miss
0,2,male,3,1,37.0042,C,Mr
0,3,male,4,0,6.45,S,Mr
0,3,male,1,2,27.9,S,Master
1,1,female,4,1,93.5,S,Mrs
1,3,male,2,0,8.6625,S,Mr
0,1,male,3,0,0,S,Others
1,3,female,2,1,12.475,S,Mrs
0,3,male,1,1,39.6875,S,Master
1,2,male,1,2,37.0042,C,Master
1,1,female,4,0,80,S,Mrs
1,3,female,1,0,14.4542,C,Mrs
1,2,male,1,1,18.75,S,Master
0,3,male,2,0,7.8542,S,Mr
0,3,male,2,0,8.3,S,Mr
1,1,female,3,1,83.1583,C,Miss
0,3,male,2,0,8.6625,S,Mr
1,3,male,3,0,56.4958,S,Mr
0,3,male,2,0,7.925,S,Mr
0,2,male,1,0,10.5,S,Mr
1,1,female,3,0,31,C,Miss
0,3,male,3,0,6.4375,C,Mr
0,3,male,1,0,8.6625,S,Mr
0,3,male,4,0,7.55,S,Mr
0,3,male,3,0,7.8958,C,Mr
0,2,male,2,1,33,S,Others
0,3,male,1,2,31.275,S,Master
0,3,male,4,0,7.775,S,Mr
0,3,female,1,1,15.2458,C,Miss
1,1,female,1,1,39.4,S,Miss
0,2,female,4,0,26,S,Mrs
1,3,female,2,1,9.35,S,Mrs
1,1,female,4,1,164.8667,S,Mrs
1,1,male,4,0,26.55,S,Mr
1,3,female,2,3,19.2583,C,Mrs
0,3,male,4,0,14.1083,S,Mr
0,2,male,2,0,11.5,S,Mr
1,1,female,4,0,25.9292,S,Mrs
0,2,male,2,0,13,S,Mr
1,2,female,4,0,13,S,Mrs
1,2,female,2,0,13.8583,C,Miss
0,1,male,3,0,50.4958,S,Mr
1,3,male,1,1,11.1333,S,Master
0,3,male,2,0,7.8958,S,Mr
1,1,female,4,1,52.5542,S,Mrs
0,1,male,3,0,5,S,Mr
0,3,male,4,0,9,S,Mr
1,2,female,2,0,24,C,Mrs
1,3,female,1,0,7.225,C,Miss
0,3,male,2,0,9.8458,S,Mr
0,3,male,2,0,7.8958,S,Mr
1,1,female,4,1,83.1583,C,Mrs
1,2,female,2,1,26,S,Mrs
0,3,male,3,0,7.8958,S,Mr
0,3,female,2,0,10.5167,S,Miss
0,2,male,2,0,10.5,S,Mr
0,3,male,2,0,7.05,S,Mr
0,3,female,3,5,29.125,Q,Mrs
0,2,male,2,0,13,S,Others
1,1,female,2,0,30,S,Miss
1,1,male,2,0,30,C,Mr
0,3,male,3,0,7.75,Q,Mr
NA,3,male,3,0,7.8292,Q,Mr
NA,3,female,4,0,7,S,Mrs
NA,2,male,4,0,9.6875,Q,Mr
NA,3,male,2,0,8.6625,S,Mr
NA,3,female,2,1,12.2875,S,Mrs
NA,3,male,1,0,9.225,S,Mr
NA,3,female,3,0,7.6292,Q,Miss
NA,2,male,2,1,29,S,Mr
NA,3,female,2,0,7.2292,C,Mrs
NA,3,male,2,0,24.15,S,Mr
NA,1,male,4,0,26,S,Mr
NA,1,female,2,0,82.2667,S,Mrs
NA,2,male,4,0,26,S,Mr
NA,1,female,4,0,61.175,S,Mrs
NA,2,female,2,0,27.7208,C,Mrs
NA,2,male,3,0,12.35,Q,Mr
NA,3,male,2,0,7.225,C,Mr
NA,3,female,2,0,7.925,S,Miss
NA,3,female,4,0,7.225,C,Mrs
NA,1,male,4,0,59.4,C,Mr
NA,3,male,1,1,3.1708,S,Master
NA,1,male,2,1,61.3792,C,Mr
NA,1,female,4,3,262.375,C,Mrs
NA,3,male,4,0,14.5,S,Mr
NA,1,female,2,1,61.9792,C,Miss
NA,3,male,2,0,7.225,C,Mr
NA,1,male,4,0,30.5,S,Mr
NA,2,male,4,0,26,S,Mr
NA,2,male,2,0,31.5,S,Mr
NA,3,female,3,2,20.575,S,Mrs
NA,1,male,3,0,57.75,C,Mr
NA,3,male,2,0,7.2292,C,Mr
NA,3,female,2,0,8.6625,S,Miss
NA,3,male,2,0,9.5,S,Mr
NA,3,male,3,1,13.4167,C,Mr
NA,3,male,4,0,7.85,S,Mr
NA,2,female,3,0,13,S,Mrs
NA,1,female,4,0,52.5542,S,Mrs
NA,3,male,2,0,7.925,S,Mr
NA,1,male,4,0,29.7,C,Mr
NA,1,female,4,0,76.2917,C,Mrs
NA,3,female,3,2,15.9,S,Mrs
NA,1,male,2,0,60,S,Mr
NA,2,male,2,0,15.0333,C,Mr
NA,2,female,2,1,23,S,Miss
NA,1,female,2,2,263,S,Miss
NA,3,male,1,1,29.125,Q,Master
NA,3,male,3,0,7.8958,S,Mr
NA,3,male,2,0,7.65,S,Mr
NA,1,female,3,0,262.375,C,Miss
NA,3,male,1,0,7.8958,S,Mr
NA,2,male,3,0,13.5,S,Mr
NA,3,male,2,0,7.75,S,Mr
NA,3,female,2,0,7.725,Q,Miss
NA,1,male,1,2,262.375,C,Master
NA,3,female,2,0,7.8792,Q,Miss
NA,1,male,4,0,42.4,S,Mr
NA,1,male,3,0,28.5375,C,Mr
NA,1,female,4,4,263,S,Mrs
NA,3,female,2,0,7.75,Q,Miss
NA,3,male,2,0,7.8958,S,Mr
NA,3,female,2,0,7.925,S,Miss
NA,1,male,2,0,27.7208,C,Mr
NA,1,female,3,0,211.5,C,Miss
NA,1,male,3,0,211.5,C,Mr
NA,1,female,4,0,25.7,S,Mrs
NA,2,male,3,0,13,S,Mr
NA,3,female,2,0,7.75,Q,Miss
NA,3,male,1,1,15.2458,C,Master
NA,1,male,4,0,221.7792,S,Mr
NA,1,male,4,0,26,S,Mr
NA,3,female,2,0,7.8792,Q,Miss
NA,3,female,2,0,8.05,S,Miss
NA,2,male,1,1,23,S,Master
NA,3,female,2,0,13.9,S,Mrs
NA,1,female,2,2,52,S,Mrs
NA,1,male,2,0,26,C,Mr
NA,3,male,2,0,7.7958,S,Mr
NA,1,female,4,0,78.85,S,Mrs
NA,3,male,2,0,7.925,S,Mr
NA,3,female,2,0,7.8542,S,Miss
NA,3,male,3,0,8.05,S,Mr
NA,1,female,4,0,55.4417,C,Mrs
NA,2,male,2,0,26,S,Mr
NA,3,male,2,0,7.775,S,Mr
NA,3,female,1,1,8.5167,C,Mrs
NA,3,male,2,0,22.525,S,Mr
NA,3,male,2,0,7.8208,Q,Mr
NA,2,male,2,0,13,S,Mr
NA,2,male,4,0,15.0458,C,Mr
NA,1,female,3,0,31.6792,C,Miss
NA,3,female,2,0,7.2833,Q,Miss
NA,1,female,4,0,221.7792,S,Mrs
NA,3,male,2,0,14.4542,C,Mr
NA,3,female,1,1,16.7,S,Miss
NA,1,male,3,0,75.2417,C,Mr
NA,2,female,2,0,26,S,Mrs
NA,2,female,1,0,15.75,S,Miss
NA,1,female,3,0,57.75,C,Mrs
NA,3,male,2,0,7.25,S,Mr
NA,3,female,1,1,16.1,S,Miss
NA,3,male,2,0,7.7958,S,Mr
NA,2,male,4,0,13,S,Mr
NA,3,male,2,0,8.05,S,Mr
NA,3,male,3,0,8.05,S,Mr
NA,1,male,4,0,28.5,C,Others
NA,3,male,4,0,7.8958,S,Mr
NA,3,male,2,0,7.8542,S,Mr
NA,3,male,2,0,7.225,C,Mr
NA,2,male,2,0,13,S,Mr
NA,3,female,2,0,8.05,S,Miss
NA,3,male,4,6,46.9,S,Mr
NA,3,female,1,2,46.9,S,Miss
NA,1,female,3,0,151.55,S,Miss
NA,1,male,4,3,262.375,C,Mr
NA,2,male,2,0,26,S,Mr
NA,1,male,4,0,26.55,S,Mr
NA,3,male,3,0,18,S,Mr
NA,3,male,2,0,8.05,S,Mr
NA,2,male,3,1,26,S,Others
NA,1,female,2,1,83.1583,C,Mrs
NA,3,male,4,0,12.45,S,Mr
NA,3,female,3,2,12.1833,S,Mrs
NA,3,male,1,2,31.3875,S,Master
NA,3,male,2,0,7.55,S,Mr
NA,1,female,2,0,221.7792,S,Miss
NA,3,female,2,0,7.8542,S,Miss
NA,1,male,4,0,26.55,S,Mr
NA,3,female,2,2,13.775,S,Mrs
NA,3,male,1,1,15.2458,C,Master
NA,2,female,2,0,13.5,S,Miss
NA,2,male,4,0,13,S,Others
NA,3,female,2,1,22.025,S,Mrs
NA,1,male,4,0,50.4958,C,Mr
NA,3,male,2,2,34.375,S,Mr
NA,3,female,2,0,8.9625,S,Miss
NA,3,male,2,0,7.225,C,Mr
NA,3,male,2,0,13.9,S,Mr
NA,3,male,4,5,31.3875,S,Mr
NA,2,female,1,2,39,S,Miss
NA,2,female,2,0,36.75,S,Miss
NA,1,male,4,0,55.4417,C,Mr
NA,2,female,3,3,39,S,Mrs
NA,1,female,4,2,83.1583,C,Mrs
NA,2,male,3,0,13,S,Mr
NA,1,male,3,1,83.1583,C,Mr
NA,1,female,2,0,53.1,S,Mrs
NA,1,female,2,1,247.5208,C,Mrs
NA,2,male,4,0,16,S,Mr
NA,2,female,2,1,21,S,Miss
NA,3,male,1,0,8.05,S,Mr
NA,2,male,4,0,13,S,Mr
NA,2,male,3,0,26,S,Mr
NA,3,male,1,1,14.5,S,Master
NA,2,male,4,0,12.35,Q,Mr
NA,2,male,1,2,32.5,S,Master
NA,3,male,3,0,7.8542,S,Mr
NA,1,male,1,2,134.5,C,Master
NA,3,female,2,0,7.775,S,Miss
NA,2,male,2,0,10.5,S,Mr
NA,3,male,1,2,14.4,S,Master
NA,1,male,4,0,227.525,C,Others
NA,2,female,1,1,26,S,Miss
NA,2,male,2,0,10.5,S,Mr
NA,3,female,3,0,7.75,Q,Miss
NA,2,male,2,0,10.5,S,Mr
NA,1,female,3,0,27.7208,C,Miss
NA,3,male,2,0,7.8958,S,Mr
NA,3,male,3,0,22.525,S,Mr
NA,2,male,1,0,73.5,S,Mr
NA,2,female,4,0,26,S,Mrs
NA,3,female,3,2,7.775,S,Miss
NA,1,male,4,0,42.5,S,Mr
NA,1,male,4,1,164.8667,S,Mr
NA,1,female,4,1,211.5,C,Mrs
NA,2,female,3,0,13.8583,C,Miss
NA,3,male,2,0,8.05,S,Mr
NA,2,female,2,0,10.5,S,Mrs
NA,3,male,2,0,7.7958,S,Mr
NA,1,female,4,0,27.4458,C,Mrs
NA,3,male,2,0,7.7958,S,Mr
NA,3,male,4,0,15.1,S,Mr
NA,2,male,3,0,13,S,Mr
NA,2,male,1,0,65,S,Mr
NA,1,female,2,0,26.55,S,Miss
NA,3,male,2,0,6.4958,S,Mr
NA,1,male,3,0,71.2833,C,Mr
NA,3,male,2,0,7.8542,S,Mr
NA,1,male,4,0,75.25,C,Mr
NA,3,male,2,0,7.225,C,Mr
NA,2,female,2,1,13,S,Miss
NA,1,female,4,0,106.425,C,Mrs
NA,1,female,4,0,27.7208,C,Mrs
NA,2,female,4,2,30,S,Mrs
NA,1,male,4,1,134.5,C,Mr
NA,1,male,4,0,51.8625,S,Mr
NA,2,female,2,0,21,S,Mrs
NA,2,male,4,1,32.5,S,Mr
NA,2,female,2,0,26,S,Mrs
NA,2,female,1,2,27.75,S,Miss
NA,3,male,2,0,7.925,S,Mr
NA,1,male,2,0,136.7792,C,Mr
NA,3,male,2,0,9.325,S,Mr
NA,3,male,3,0,9.5,S,Mr
NA,3,male,2,0,8.05,S,Mr
NA,2,female,2,0,13,S,Miss
NA,3,male,2,0,7.775,S,Mr
NA,3,male,3,0,17.4,S,Mr
NA,3,male,2,0,7.8542,S,Mr
NA,2,female,2,2,23,S,Mrs
NA,3,female,1,1,12.1833,S,Miss
NA,2,male,3,0,12.7375,C,Mr
NA,3,male,1,0,8.6625,S,Mr
NA,1,male,4,0,75.2417,C,Mr
NA,1,female,2,0,136.7792,C,Mrs
NA,2,female,2,0,26,S,Miss
NA,2,male,2,0,10.5,S,Mr
NA,2,male,4,0,26,S,Mr
NA,2,male,3,0,21,S,Mr
NA,2,male,2,0,10.5,S,Mr
NA,3,female,2,0,8.6625,S,Miss
NA,3,male,1,1,13.775,S,Master
NA,3,female,1,1,15.2458,C,Miss
NA,3,female,1,1,20.2125,S,Miss
NA,3,male,3,0,7.25,S,Mr
NA,1,male,2,0,82.2667,S,Mr
NA,3,female,3,0,6.95,Q,Miss
NA,1,male,4,1,81.8583,S,Others
NA,3,male,3,0,9.5,S,Mr
NA,3,male,2,0,7.8958,S,Mr
NA,2,female,1,2,41.5792,C,Miss
NA,1,male,3,0,45.5,S,Mr
NA,3,male,2,0,7.8542,S,Mr
NA,3,male,3,0,7.775,S,Mr
NA,2,male,4,1,21,S,Mr
NA,3,male,2,0,8.6625,S,Mr
NA,1,female,4,1,26.55,S,Mrs
NA,1,male,3,2,151.55,S,Mr
NA,3,male,1,1,9.35,S,Master
NA,1,male,4,1,93.5,S,Mr
NA,3,female,4,0,14.1083,S,Mrs
NA,3,male,2,0,8.6625,S,Mr
NA,3,male,2,0,7.225,C,Mr
NA,3,female,3,0,7.75,Q,Miss
NA,1,female,4,0,135.6333,C,Mrs
NA,3,female,1,0,7.7333,Q,Miss
NA,1,male,4,0,146.5208,C,Mr
NA,2,male,2,0,10.5,S,Mr
NA,3,male,2,0,7.8542,S,Mr
NA,2,male,2,0,31.5,S,Mr
NA,3,male,2,0,7.775,S,Mr
NA,3,male,2,0,7.2292,C,Mr
NA,2,male,2,0,13,S,Mr
NA,1,male,3,0,26.55,S,Mr
NA,1,female,3,0,211.3375,S,Miss
NA,3,male,2,0,7.05,S,Mr
NA,2,female,1,1,39,S,Miss
NA,1,male,4,0,79.2,C,Mr
NA,2,male,2,0,26,S,Mr
NA,2,male,2,0,13,S,Mr
NA,2,female,4,2,36.75,S,Mrs
NA,1,male,3,0,29.7,C,Mr
NA,3,female,2,1,15.7417,C,Mrs
NA,3,male,2,0,7.8958,S,Mr
NA,1,male,3,0,26,S,Mr
NA,2,male,3,0,13,S,Mr
NA,3,male,3,2,7.2292,C,Mr
NA,2,male,2,0,31.5,S,Mr
NA,2,male,2,0,10.5,S,Mr
NA,3,male,3,0,7.5792,S,Mr
NA,1,female,4,1,512.3292,C,Mrs
NA,3,female,1,0,7.65,S,Miss
NA,2,male,2,0,13,S,Mr
NA,3,female,3,0,7.2292,C,Mrs
NA,2,male,2,0,13.5,S,Mr
NA,2,female,3,0,21,S,Miss
NA,1,female,4,1,63.3583,C,Mrs
NA,2,male,2,0,10.5,S,Mr
NA,2,male,2,0,73.5,S,Mr
NA,2,male,4,2,65,S,Mr
NA,3,female,1,2,20.575,S,Miss
NA,1,male,4,0,26,S,Mr
NA,1,female,4,0,51.4792,S,Mrs
NA,3,female,3,0,15.55,S,Mrs
NA,3,male,1,2,69.55,S,Master
NA,2,female,2,1,37.0042,C,Mrs
NA,2,female,3,0,21,S,Mrs
NA,3,male,2,0,8.6625,S,Mr
NA,1,female,2,0,55.4417,C,Mrs
NA,3,female,2,0,39.6875,S,Miss
NA,1,female,4,1,59.4,C,Mrs
NA,2,male,2,0,13.8583,C,Mr
NA,2,male,2,0,11.5,S,Mr
NA,1,female,3,0,134.5,C,Miss
NA,1,male,4,0,0,S,Mr
NA,2,male,4,0,13,S,Mr
NA,1,female,4,1,81.8583,S,Mrs
NA,1,female,4,0,262.375,C,Miss
NA,3,female,2,0,8.6625,S,Miss
NA,2,male,2,0,11.5,S,Mr
NA,1,male,4,0,50,S,Mr
NA,3,male,1,2,31.3875,S,Master
NA,3,male,2,0,7.8792,Q,Mr
NA,3,female,2,0,16.1,S,Mrs
NA,2,female,2,2,65,S,Miss
NA,3,male,2,0,7.775,S,Mr
NA,2,male,4,0,13,S,Mr
NA,3,male,2,0,7.75,Q,Mr
NA,3,male,1,1,21.075,S,Master
NA,1,male,2,0,93.5,S,Mr
NA,1,female,4,1,39.4,S,Mrs
NA,3,male,1,2,20.25,S,Master
NA,2,male,4,0,10.5,S,Mr
NA,3,male,2,1,22.025,S,Mr
NA,1,female,2,0,60,S,Mrs
NA,3,male,2,0,7.25,Q,Mr
NA,1,female,4,1,79.2,C,Mrs
NA,3,male,2,0,7.775,S,Mr
NA,3,male,3,0,7.7333,Q,Mr
NA,1,female,3,0,164.8667,S,Miss
NA,2,male,3,0,21,S,Mr
NA,1,female,2,1,59.4,C,Miss
NA,1,male,1,0,47.1,S,Mr
NA,1,male,4,0,27.7208,C,Mr
NA,2,male,2,0,13.8625,C,Mr
NA,2,male,2,0,10.5,S,Mr
NA,1,male,4,1,211.5,C,Mr
NA,3,female,1,1,13.775,S,Miss
NA,1,female,3,0,90,Q,Mrs
NA,3,female,2,0,7.775,S,Miss
NA,1,female,3,0,108.9,C,Others
NA,3,male,3,0,7.25,S,Mr
0,3,male,2,0,8.4583,Q,Mr
1,2,male,2,0,13,S,Mr
1,3,female,2,0,7.225,C,Mrs
0,3,male,2,0,7.225,C,Mr
1,3,female,2,0,7.8792,Q,Miss
0,3,male,2,0,7.8958,S,Mr
1,1,female,2,0,146.5208,C,Mrs
1,3,female,2,0,7.75,Q,Miss
1,3,male,2,0,7.2292,C,Mr
0,3,male,2,0,7.8958,C,Mr
0,3,male,2,0,8.05,S,Mr
0,3,male,2,0,15.5,Q,Mr
1,3,female,2,0,7.75,Q,Miss
0,3,male,2,0,21.6792,C,Mr
1,1,male,2,0,35.5,S,Mr
0,1,male,2,0,27.7208,C,Mr
1,3,male,2,1,15.2458,C,Master
0,3,male,2,0,7.8958,S,Mr
0,3,male,2,0,8.05,S,Mr
1,3,female,2,0,7.7875,Q,Miss
0,3,male,2,0,8.05,S,Mr
0,3,male,2,0,8.05,S,Mr
0,3,male,2,0,7.8958,S,Mr
1,3,male,2,0,7.775,S,Mr
1,3,female,2,0,24.15,Q,Miss
0,3,male,2,0,8.05,S,Mr
0,3,male,2,0,7.75,Q,Mr
1,3,female,2,1,22.3583,C,Miss
0,3,female,2,2,15.2458,C,Mrs
0,3,male,2,0,7.3125,S,Mr
0,3,male,2,0,8.6625,S,Mr
0,3,male,2,2,69.55,S,Master
1,1,female,2,1,55,S,Mrs
0,1,male,2,0,25.925,S,Mr
0,3,male,2,1,25.4667,S,Master
0,3,female,2,2,69.55,S,Miss
0,2,male,2,0,15.05,C,Mr
0,1,male,2,0,50,S,Mr
1,3,female,2,0,15.5,Q,Mrs
0,3,male,2,0,7.75,Q,Mr
1,3,female,2,0,7.75,Q,Miss
0,3,male,2,2,69.55,S,Mr
0,3,male,2,0,7.75,Q,Mr
0,3,male,2,0,7.8958,S,Mr
0,3,female,2,1,25.4667,S,Miss
0,3,female,2,0,7.55,S,Miss
0,3,female,2,0,14.4542,C,Miss
1,3,female,2,0,15.5,Q,Miss
0,3,male,2,0,7.25,S,Mr
1,1,female,2,0,79.2,C,Mrs
0,3,male,2,0,7.75,Q,Mr
0,3,female,2,0,7.75,Q,Miss
0,1,male,2,0,31,S,Mr
1,3,female,2,0,7.75,Q,Miss
0,2,male,3,0,0,S,Mr
0,1,male,2,0,26,S,Mr
0,1,male,2,0,27.7208,C,Mr
1,1,male,2,0,30.5,S,Mr
1,3,female,2,0,7.75,Q,Miss
1,3,male,2,0,23.25,Q,Mr
1,2,female,2,0,12.35,Q,Miss
0,3,male,2,0,8.05,S,Mr
1,1,female,2,0,110.8833,C,Miss
0,3,male,2,2,69.55,S,Mr
1,3,female,2,0,23.25,Q,Miss
1,1,female,2,0,133.65,S,Mrs
0,3,male,2,0,7.8958,S,Mr
1,3,female,2,0,16.1,S,Mrs
0,1,male,2,0,35,S,Mr
0,3,male,2,0,7.225,C,Mr
1,3,female,2,0,7.8792,Q,Miss
1,3,female,2,0,7.8792,Q,Miss
0,3,male,2,0,15.5,Q,Mr
1,3,female,2,0,7.2292,C,Mrs
1,3,female,2,0,7.75,Q,Miss
1,1,female,2,0,82.1708,C,Mrs
0,3,male,2,0,7.8958,S,Mr
0,3,male,2,0,7.7292,Q,Mr
0,3,female,2,1,25.4667,S,Miss
0,3,male,2,0,7.8958,S,Mr
0,3,male,2,0,6.8583,Q,Mr
0,2,male,3,0,0,S,Mr
0,3,female,2,0,8.05,S,Mrs
0,3,male,2,0,7.8958,C,Mr
0,3,male,2,0,7.25,S,Mr
0,3,male,2,0,7.75,Q,Mr
1,3,female,2,0,16.1,S,Mrs
1,3,male,2,0,8.1125,S,Mr
0,3,male,2,0,19.9667,S,Mr
0,3,male,2,0,8.05,S,Mr
1,1,female,2,0,51.8625,S,Mrs
0,3,male,2,0,7.75,Q,Mr
0,3,male,2,0,8.05,S,Mr
0,2,male,3,0,0,S,Mr
0,3,male,2,0,7.725,Q,Mr
0,3,male,2,0,7.25,S,Mr
0,1,male,2,0,52,S,Mr
0,2,male,3,0,0,S,Mr
0,3,female,2,1,25.4667,S,Miss
0,3,male,2,0,19.9667,S,Mr
0,3,male,2,0,14.4583,C,Mr
0,3,male,2,0,15.1,S,Mr
0,3,female,2,0,7.6292,Q,Miss
1,1,male,2,0,26.55,S,Mr
0,3,male,2,0,8.05,S,Mr
0,3,male,2,0,24.15,Q,Mr
0,3,male,2,0,7.225,C,Mr
0,3,male,2,0,7.2292,C,Mr
0,1,male,2,0,221.7792,S,Mr
0,3,male,2,0,7.2292,C,Mr
1,3,female,2,2,22.3583,C,Mrs
0,3,male,2,0,14.5,S,Mr
1,2,male,2,0,13.8625,C,Mr
0,3,male,2,0,7.8292,Q,Mr
0,1,male,2,0,227.525,C,Mr
0,3,male,2,0,7.75,Q,Mr
0,3,male,2,0,8.05,S,Mr
0,3,female,2,0,8.05,S,Miss
0,3,male,2,0,7.2292,C,Mr
1,3,female,2,0,7.75,Q,Miss
0,3,female,2,0,14.4583,C,Mrs
0,3,male,2,0,8.7125,C,Mr
0,3,male,2,0,8.05,S,Mr
0,3,female,2,2,7.75,Q,Miss
1,2,female,2,0,33,S,Miss
0,3,male,2,0,7.225,C,Mr
0,3,male,2,0,7.8958,S,Mr
0,1,male,2,0,42.4,S,Mr
0,3,male,2,0,7.05,S,Mr
1,3,female,2,0,15.5,Q,Miss
0,3,male,2,0,7.75,Q,Mr
0,3,male,2,0,7.7333,Q,Mr
0,1,male,3,0,0,S,Mr
0,3,male,2,0,16.1,S,Mr
1,3,male,2,0,56.4958,S,Mr
0,3,male,2,0,7.55,S,Mr
0,3,male,2,0,7.8958,S,Mr
1,3,female,2,0,7.8292,Q,Miss
0,3,male,2,0,7.8958,S,Mr
0,3,male,2,0,7.775,S,Mr
1,1,female,2,0,52,S,Mrs
0,2,male,3,0,0,S,Mr
0,3,female,2,0,8.1375,Q,Miss
1,3,male,2,0,56.4958,S,Mr
1,3,female,2,0,7.7333,Q,Miss
1,3,male,2,1,15.2458,C,Master
0,1,male,2,0,26.55,S,Mr
0,3,male,2,0,15.5,Q,Mr
1,3,female,2,0,7.7375,Q,Miss
0,2,male,3,0,0,S,Mr
0,3,male,2,0,7.8958,S,Mr
0,3,male,2,0,7.8958,S,Mr
1,1,male,2,0,30,S,Mr
0,3,male,2,0,14.5,S,Mr
0,1,male,2,0,39.6,C,Others
0,3,male,2,0,24.15,Q,Mr
0,3,male,2,0,7.225,C,Mr
0,3,male,2,0,7.75,Q,Mr
0,3,male,2,0,7.7375,Q,Mr
0,3,male,2,2,23.45,S,Mr
0,3,male,2,0,7.75,Q,Mr
0,3,female,2,2,69.55,S,Miss
0,1,male,2,0,30.6958,C,Mr
0,1,male,3,0,0,S,Mr
0,3,male,2,0,6.95,Q,Mr
0,3,male,2,0,56.4958,S,Mr
1,3,male,2,0,7.75,Q,Mr
0,3,male,2,0,7.2292,C,Mr
0,3,male,2,0,8.05,S,Mr
1,1,male,2,0,29.7,C,Mr
0,3,male,2,2,69.55,S,Mr
1,1,female,2,0,89.1042,C,Mrs
0,3,male,2,0,7.2292,C,Mr
0,3,female,2,2,69.55,S,Miss
0,3,male,2,0,9.5,S,Mr
0,3,male,2,0,7.8958,S,Mr
0,3,female,2,2,23.45,S,Miss
NA,3,male,4,0,7.8958,S,Mr
NA,1,female,4,0,31.6833,S,Mrs
NA,3,male,4,0,21.6792,C,Mr
NA,3,female,4,2,23.45,S,Mrs
NA,3,female,4,0,8.05,S,Miss
NA,3,male,4,0,56.4958,S,Mr
NA,1,male,4,0,26.55,S,Mr
NA,3,male,4,0,7.75,Q,Mr
NA,2,male,4,0,15.5792,C,Mr
NA,3,male,4,0,16.1,S,Mr
NA,2,female,4,0,21,S,Mrs
NA,3,male,4,0,8.05,S,Mr
NA,3,male,4,0,7.8958,S,Mr
NA,2,male,4,0,10.7083,Q,Mr
NA,3,male,4,0,14.4542,C,Mr
NA,3,female,4,0,7.75,Q,Others
NA,3,male,4,0,7.775,S,Mr
NA,3,male,4,0,8.05,S,Mr
NA,3,male,4,0,7.75,Q,Mr
NA,3,male,4,0,7.75,Q,Mr
NA,3,male,4,0,8.7125,S,Mr
NA,3,female,4,0,7.7792,Q,Miss
NA,3,male,4,0,6.4375,C,Mr
NA,3,male,4,0,7.75,Q,Mr
NA,3,male,4,0,7.75,Q,Mr
NA,3,female,4,0,23.25,Q,Miss
NA,3,female,4,4,25.4667,S,Mrs
NA,3,male,4,0,6.4375,C,Mr
NA,1,male,4,0,51.8625,S,Mr
NA,1,male,4,0,26.55,S,Mr
NA,3,male,4,0,7.8958,C,Mr
NA,3,female,4,0,7.7333,Q,Miss
NA,3,male,4,0,7,S,Mr
NA,1,female,4,0,27.7208,C,Mrs
NA,3,male,4,0,7.55,S,Mr
NA,3,male,4,0,7.2292,C,Mr
NA,3,male,4,0,7.75,Q,Mr
NA,3,female,4,2,69.55,S,Miss
NA,1,male,4,0,26,S,Mr
NA,3,female,4,0,8.1125,S,Mrs
NA,3,female,4,0,15.5,Q,Miss
NA,1,male,4,0,25.7417,C,Mr
NA,3,male,4,0,7.05,S,Mr
NA,3,female,4,0,7.8792,Q,Miss
NA,3,male,4,0,8.05,S,Mr
NA,3,female,4,2,15.2458,C,Mrs
NA,3,female,4,0,7.75,Q,Miss
NA,3,male,4,0,7.8792,Q,Mr
NA,3,male,4,0,7.8875,S,Mr
NA,3,male,4,2,23.45,S,Master
NA,3,female,4,0,14.4542,C,Mrs
NA,3,male,4,0,7.55,S,Mr
NA,3,male,4,0,7.75,Q,Mr
NA,3,male,4,0,7.8958,S,Mr
NA,1,male,4,0,0,S,Mr
NA,3,male,4,0,7.55,S,Mr
NA,3,female,4,0,8.05,S,Miss
NA,3,male,4,0,7.75,Q,Mr
NA,3,female,4,0,15.5,Q,Miss
NA,3,male,4,0,7.225,C,Mr
NA,3,female,4,0,7.75,Q,Miss
NA,3,male,4,0,7.25,S,Mr
NA,3,male,4,0,7.2292,C,Mr
NA,3,male,4,0,8.05,S,Mr
NA,1,male,4,0,39.6,S,Mr
NA,3,male,4,0,7.2292,C,Mr
NA,3,male,4,0,21.6792,C,Mr
NA,2,male,4,0,15.0458,C,Mr
NA,3,female,4,0,7.75,Q,Miss
NA,3,male,4,0,7.575,S,Mr
NA,3,male,4,0,7.225,C,Mr
NA,3,male,4,0,7.2292,C,Master
NA,3,male,4,9,69.55,S,Mr
NA,3,male,4,1,14.5,S,Master
NA,3,male,4,0,7.8792,S,Mr
NA,3,male,4,0,7.75,Q,Mr
NA,3,female,4,9,69.55,S,Mrs
NA,3,male,4,0,14.4583,C,Mr
NA,3,male,4,0,7.75,Q,Mr
NA,3,female,4,0,14.5,S,Mrs
NA,2,male,4,0,12.875,S,Mr
NA,3,female,4,0,7.7208,Q,Miss
NA,3,female,4,0,7.75,Q,Miss
NA,3,male,4,0,8.05,S,Mr
NA,3,male,4,0,8.05,S,Mr
NA,3,male,4,1,22.3583,C,Master
